name,code,authorName,genre
Fetishes,NTRA,Saloma Mayberry,Documentary
"Playboys, The",STAA,Benedicta Locock,Drama|Romance
Pronto,LWAY,Marvin Kerrigan,Comedy|Crime|Thriller
Wide Awake,CBU,Clevey Simonard,Children|Comedy|Drama
Azur & Asmar (Azur et Asmar),SXC,Torrey Thunnercliff,Adventure|Animation|Children
"Devil Inside, The",RVEN,Sigrid Ide,Horror|Thriller
Paradise Now,TTPH,Valry Donohoe,Crime|Drama|Thriller|War
Backwood Philosopher (Havukka-ahon ajattelija),HQH,Cazzie Roskams,Comedy|Drama
Bran Nue Dae,TRNS,Isiahi Alliberton,Comedy|Musical
Gung Ho,TDIV,Elsi Langston,Comedy|Drama
Getting It Right,MITT^A,Patricia Jesty,Comedy|Drama
Squirm,KDMN,Carolyne Janssen,Horror|Romance
"Butterfly, The (Papillon, Le)",SSFN,Ortensia Dieton,Comedy|Drama
Devil's Due,NI,Morie Boldison,Horror
"Ninth Configuration, The (a.k.a. Twinkle, Twinkle, Killer Kane)",FDS,Olimpia Fydoe,Drama|War
Good Boy!,OAK,Tandy Tarbath,Children|Comedy|Sci-Fi
Le crocodile du Botswanga,ZFGN,Lynnett Parnham,Comedy
"Play It Again, Sam",GRC,Devin Aubrey,Comedy|Romance
Eat,MEN,Heinrik Haquin,Documentary
Entre Amigos (Planta 4ª),BF.A,Timmy McGrath,Comedy|Drama
Innocence,OESX,Nelly Zannini,Drama
"Amor brujo, El (Love Bewitched, A)",LOXO,Arne Raulin,Drama|Musical
Forest (Rengeteg),CBD,Pincus Stadding,Drama
"Last Laugh, The (Letzte Mann, Der)",OFG^B,Inez Bankes,Drama
"Not on Your Life (Verdugo, El) (Executioner, The)",CLNE,Lavinie Pilgrim,Comedy|Drama
"Riddle of the Sands, The",CMA.WS,Hector Duncanson,Adventure|Drama|Thriller
Black River (Kuroi kawa),FRC^E,Devan Dysart,Drama
Sword of the Stranger (Sutorejia: Mukô hadan),CTRV,Amerigo Bellis,Action|Adventure|Animation
Daffy Duck's Quackbusters,LGF.A,Kassandra Hinnerk,Animation|Children|Comedy|Horror
Ganes,YECO,Jim Poter,Drama|Musical
"Midnight (Primeiro Dia, O)",BKE,Earlie Coopey,Drama
Another Year,MMP,Gabbie Pascow,Drama
Cambridge Spies,TLND,Ephrayim Dulieu,Drama
Spider-Man,HPE,Wayland Limmer,Action|Adventure|Sci-Fi|Thriller
Bear with Me,CXSE,Tiffanie Queste,Adventure
Passionada,PETS,Lisette Moretto,Comedy|Romance
Kiss or Kill,IBKR,Elsbeth Drakard,Crime|Drama|Thriller
"Blood Spattered Bride, The (La novia ensangrentada)",FNWB,Gregor Callingham,Horror
Hallelujah I'm a Bum,SD,Monroe Grisbrook,Musical
Superman/Batman: Apocalypse,EVSTC,Cherish Pryor,Animation
Reclaim,LIFE,Cecilia Main,Drama|Thriller
A mí las mujeres ni fu ni fa,TKF,Bernie Mallison,Comedy|Musical
Topper Returns,PYS,Nicola Jelliman,Comedy|Fantasy|Mystery|Romance
No Blade of Grass,RY^S,Mandel Roiz,Drama|Sci-Fi
"Doll, The (Lalka)",USB^M,Sayre Haggerston,Drama|Romance
"Bad Girls (Biches, Les)",BKT,Jesse L'argent,Drama|Mystery
La Putain du roi,PTGX,Jeromy Milliken,Drama|Romance
Lassie,NHLDW,Guinevere Gathwaite,Adventure|Children
Valley of the Dragons,ECL,Dilly Woolvin,Sci-Fi
Order and Disorder,DVD,Mimi Yelden,Documentary
Supermen of Malegaon,CFX,Twila Hancell,Documentary
Airport '77,KNSL,Reggi Carrier,Drama
Strongman,GARS,Gypsy Rabbatts,Documentary
Tribes,CBS.A,Allan Barnwill,Drama
Pirates,NBRV,Maressa Philipsen,Adventure|Comedy
Chilly Scenes of Winter (Head Over Heels),HPE,Melessa Hovard,Comedy|Drama|Romance
Pocahontas,SFS,Emelyne Jahns,Animation|Children|Drama|Musical|Romance
Lucifer Rising,VALE.P,Dyann Berthouloume,Fantasy
"Stone Angel, The",MDGL,Rasla Gooderidge,Drama
Russell Peters: The Green Card Tour - Live from the O2 Arena,PSA^Y,Claiborne Dilawey,Comedy|Documentary
Body Snatchers,WAIR,Moore Franceschelli,Horror|Sci-Fi|Thriller
Godzilla vs. Megalon (Gojira tai Megaro),ARI,Tobye Huzzey,Action|Sci-Fi
3 on a Couch (Three on a Couch),TSNU,Merci Pover,Comedy|Romance
Virus X,ERJ,Shoshana Albert,Horror|Sci-Fi
"Subject Was Roses, The",WFC^V,Bride Heugel,Drama
Garbo the Spy (Garbo: El espía),CLNS^C,Bonnie Govini,Documentary|War
Inspector Gadget,FDC,Orton Rennebach,Action|Adventure|Children|Comedy
A Coming-Out Party,CIM^A,Annaliese McQuirk,Comedy|Drama
Guns of the Magnificent Seven,CHN,Earvin Maun,Action|Adventure|Drama|Western
Explorers,DIAX,Gail Kieran,Adventure|Children|Sci-Fi
Manon of the Spring,SAP,Neda Kyllford,Drama
Speaking Parts,JNCE,Orlando Sleightholm,Drama
American Pie Presents Beta House (American Pie 6: Beta House),SPR,Mark Adamsky,Comedy
711 Ocean Drive,IPAS,Randie Smewings,Crime|Drama|Film-Noir|Thriller
Lincz,MAR,Kathleen Balogun,Drama|Thriller
Fun with Dick and Jane,CTIC,Ashlin Farnon,Comedy
"Physician, The",VEDL,Bonita Blasik,Adventure|Drama
Gates of Heaven,TDI,Lilias Wellesley,Documentary
"Tall Target, The",BHI,Adel Parlour,Adventure|Crime|Drama|Thriller
Indian Summer (a.k.a. The Professor) (La prima notte di quiete),VOXX,Irena Heaffey,Drama
Betsy's Wedding,OCN,Elspeth Findlay,Comedy
"Drive, He Said",ANAB,Edee Nobles,Comedy|Drama
Sundays and Cybele (Les dimanches de Ville d'Avray),NKX,Wilona Turvie,Drama
Double Jeopardy,MPB,Nani Stachini,Action|Crime|Drama|Thriller
Pirates of the Caribbean: At World's End,EYEGW,Casar Rickaby,Action|Adventure|Comedy|Fantasy
"Few Good Men, A",NFBK,Letty Hand,Crime|Drama|Thriller
Candleshoe,OPGNW,Winnie Fowler,Adventure|Children|Comedy
Bal (Honey),MHO,Webb Liversedge,Drama
Cain and Mabel,RFEU,Toddie Lawie,Comedy|Musical|Romance
300 Miles to Heaven (300 Mil do Nieba),LVLT,Burke McTeague,Drama
"Goebbels Experiment, The (Das Goebbels Experiment)",KRNY,Truman Brownsell,Documentary
"Hunted, The",STC,Bailey Songust,Action
"Bo Burnham: Words, Words, Words",SLGN,Debora Kerfut,Comedy
No More School,EXPR,Shane Kibard,Comedy
Chained,ORI,Katleen Lowbridge,Horror|Thriller
Ballerina (La mort du cygne),SBBC,Pauly Pecht,Children|Drama|Romance
Lisbela e o Prisioneiro (Lisbela and the Prisoner),INSI,Brandon Salatino,Comedy|Romance
Goodbye to All That,MLM,Ezra Gulleford,Comedy|Drama
To Faro (Mein Freund aus Faro),CJ,Reinaldo Spurden,Drama
Not of This Earth,FTXL,Mariquilla Chastelain,Sci-Fi
"Prisoner of Shark Island, The",ALCO,Standford Houseman,Drama
"American Astronaut, The",AKTS,Eleanora Beachamp,Comedy|Musical|Sci-Fi
Empire of the Wolves (L'empire des loups),DD^B,Darryl Kezar,Action|Drama|Thriller
Played,CARO,Edwin Yewman,Crime|Thriller
"Forever, Darling",LTEA,Melamie Obeney,Comedy|Fantasy
Blood on the Moon,ARTX,Yettie Duce,Action|Drama|Western
Skeleton Crew,DTJ,Dunc Arends,Horror
Patton Oswalt: Finest Hour,BHLB,Elwood Vernau,Comedy
After You (Après vous...),PNF,Ikey Wakelin,Comedy|Romance
"Violin, El",SNA,Magdalena Pucknell,Drama
That Day (Ce jour-là),GDI,Roz Grafton-Herbert,Comedy|Crime|Drama|Mystery
Cartoon All-Stars to the Rescue,NTNX,Adiana Bragginton,Animation|Children|Comedy|Drama|Fantasy
Geronimo: An American Legend,FJP,Darell Sutherland,Drama|Western
Bonjour Monsieur Shlomi (Ha-Kochavim Shel Shlomi),HRMN,Padriac Heselwood,Comedy|Drama
Problem Child 2,RSG,Sile Pomphrey,Comedy
"Last Lions, The",ARCH,Moselle Poller,Documentary
"Pruitt-Igoe Myth, The",DEPO,Faun Pizzie,Documentary|Drama
On the Road,DG,Koral Salmoni,Adventure|Drama
"Wind That Shakes the Barley, The",SBLKL,Nappie People,Drama|War
Woochi: The Demon Slayer,LNT,Tamera Pococke,Action|Comedy|Fantasy
Towelhead (a.k.a. Nothing is Private),MNRO,Derick Wilflinger,Drama
"Battle of amfAR, The",DFVS,Sterne Peeke-Vout,Documentary
City of God (Cidade de Deus),GNK,Johannah Skill,Action|Adventure|Crime|Drama|Thriller
Flodder,DTEA,Nicolle Gercke,Comedy
"Mesmerist, The",PSCH,Candie Haestier,Comedy|Fantasy|Horror
Amber Lake ,GHDX,Ignace Cartmell,Drama|Thriller
Ninotchka,JAKK,Gaylene Mothersole,Comedy|Romance
Islands in the Stream,MYSZ,Minnnie Liebmann,Drama
"Simple Life, A (Tao jie)",BXMT,Anestassia Roscher,Drama
"Rage: Carrie 2, The",JLS,Bonni Mackiewicz,Horror
Dead in Tombstone,DZSI,Jacinda Crollman,Action|Fantasy|Horror
"Maze, The",BABY,Land Edeler,Horror|Sci-Fi
"Deaths of Ian Stone, The",PRSS,Fransisco Le Moucheux,Horror|Thriller
War of the Worlds 2: The Next Wave,INTC,Nelle Dudderidge,Action
Grayeagle,MTFB,Danie Espadate,Adventure|Drama|Romance|Western
"Last Tycoon, The",MPX,Olympe McConnulty,Drama|Romance
"Vikings, The",IMED,Agneta Jessep,Action|Adventure
Airspeed,HIG.WS,Cyndy Davidsson,Action|Adventure|Drama|Thriller
Shamus,BBRY,Dominique Nuccitelli,Crime|Mystery
Rich Hill,LSXMA,Jessalyn Hobben,Documentary
Outlaw Blues,CBMG,Jasper Misk,Drama
Primary,AXARW,Salvatore Deacock,Documentary
"Mist, The",PPP,Linn Gatland,Horror|Sci-Fi
Billabong Odyssey,TNP^C,Chris Vido,Documentary
"Keeper of Lost Causes, The (Kvinden i buret)",CCU,Jillana MacNeill,Crime|Mystery|Thriller
Where East Is East,MTSL,Brandea Cammis,Drama
"Telephone, The",FMBI,Kerby Elizabeth,Comedy
Disco Godfather,BKHU,Ximenes Ambage,Action|Crime|Drama
If You Don't Stop It... You'll Go Blind!!!,RTEC,Norma Rougier,Comedy
"Métamorphose des cloportes, La",CYS^A,Adel Playdon,Comedy|Crime
Dangerous Minds,WAAS,Donnell Nibloe,Drama
Pokemon: The Movie 2000,ROP,Galvin Durdy,Adventure|Animation|Children|Fantasy
Hemingway & Gellhorn,SSBI,Suzette Cassidy,Drama|Romance|War
Mélo,IXYS,Fernandina Mannix,Drama|Romance
Six Days,WUBA,Lou Vail,Documentary
"War Zone, The",BNED,Redd Fontanet,Drama|Thriller
Leatherface: Texas Chainsaw Massacre III,EOI,Marmaduke Wherry,Comedy|Horror|Thriller
In Which We Serve,HYXE,Halimeda Jeannin,Drama|War
Berberian Sound Studio,TLYS,Alison Coultar,Drama|Horror|Thriller
Howard the Duck,THC,Wallis Rafe,Adventure|Comedy|Sci-Fi
"Education of Charlie Banks, The",ENJ,Humfrid Benoist,Drama
"Quiet Earth, The",MMLP,Larissa Fleeman,Drama|Mystery|Sci-Fi
Frankenstein,SNE,Milo Coulbeck,Drama|Horror|Sci-Fi
"Stupids, The",CHUBK,Janek Isted,Comedy
"Peace, Propaganda & the Promised Land",ARRY,Shannan MacAdie,Documentary
Best Seller,ELGX,Rudd Utton,Thriller
"Distinguished Gentleman, The",ZION,Padgett Davy,Comedy
Brokeback Mountain,TWX,Britney De Cleen,Drama|Romance
Confessions of a Teenage Drama Queen,WMT,Drusy Kleuer,Comedy
"Dangerous Profession, A",CNSL,Jerrilee Matton,Crime|Drama|Film-Noir
"Beginner's Guide to Endings, A",UZA,Benny Hussy,Comedy|Drama
From Noon Till Three,DST,Robin Grishakov,Comedy|Romance|Western
Dark City,MDR,Stafani Parres,Crime|Drama|Film-Noir|Mystery
Swastika,LBRDK,Martie Ormshaw,Documentary
Air Crew,GWR,Maighdiln Rosenfelt,Action|Drama|Thriller
Erasing David,QINC,Dode Curwood,Documentary
Gladiator,NEWT,Gale Hughman,Action|Adventure|Drama
Evil Roy Slade,SB^B,Bonny Sweeney,Comedy|Western
"Magic Voyage of Sindbad, The (Sadko)",SAR,Cristy Trood,Adventure|Fantasy
Zindagi Na Milegi Dobara,ORIG,Guglielmo Kann,Adventure|Comedy|Drama|Romance
The Dust Bowl,CATO,Ramona Castellet,Documentary
Allegheny Uprising,ASIX,Kata Tooting,Action|Adventure|Western
Yertle the Turtle and Other Stories,BTU,Bernardo Rappport,Animation|Children
Behind the Candelabra,UNT,Cheryl Pentelo,Drama
Imago mortis,DHR,Wilburt Boatman,Horror
Anchorman 2: The Legend Continues,DTYL,Bert Berndt,Comedy
Kind Lady,BMRN,Prince Brookes,Drama|Thriller
Lisztomania,ETG,Scot Chantler,Comedy|Fantasy|Musical
Bis zum Ellenbogen,CLDR,Valencia Guidone,Comedy
Little Murders,CVRR,Gavin Ettritch,Comedy|Crime
Career Opportunities,OFIX,Krissie Fidler,Comedy|Romance
"Man Who Saw Tomorrow, The",NYCB,Samson Dudson,Documentary
Hotel Terminus: The Life and Times of Klaus Barbie (Hôtel Terminus),AMED,Everett Tompkins,Documentary
All I Want (Try Seventeen),SCSS,Hanan Stammler,Comedy|Drama|Romance
Fresh Guacamole,HSBC,Bree Rubinovitch,Animation
Sherlock Holmes and the Secret Weapon,CRUS,Jacinthe Alexsandrev,Crime|Mystery|Thriller
Latin Music USA,IPCC,Alf Pappin,Documentary|Musical
Sex and Zen (Rou pu Tuan zhi tou Qing bao Jian),LBRDA,Kalie Lawranson,Action|Adventure|Comedy|Fantasy
Night Train,ABC,Shelbi Whitsun,Action|Mystery|Thriller
"Cuenca Crime, The (Crimen de Cuenca, El)",HRS,Mirabel Heisham,Drama
"Haunted World of El Superbeasto, The",XLRN,Gretel Salomon,Action|Animation|Comedy|Horror|Thriller
Dark Alibi,LJPC,Ingeberg Peasee,Crime|Drama|Mystery|Thriller
Catfish,ONEQ,Marianna Lowne,Documentary|Mystery
Honeymoon,NVG,Spencer Danaher,Comedy|Romance
Fantastic Four,PID,Cordy Trimmell,Action|Adventure|Sci-Fi
Willard,FLIC,Letisha Ryhorovich,Horror
"Thin Man Goes Home, The",NOC,Trever Jefferys,Comedy|Crime|Mystery
Before Your Eyes (Min Dit: The Children of Diyarbakir),WEC,Sile Humbie,Drama
Last Call at the Oasis,SPIL,Thom Wardrop,Documentary
"Edge, The",LPCN,Shaun Breitler,Adventure|Drama
"Chamber of Death (Chambre des morts, La)",JPM^B,Ynes Clempton,Crime|Mystery|Thriller
Mona Lisa Smile,ASB,Zandra Dyer,Drama|Romance
Tanguy,PDI,Evangeline Littell,Comedy
"Gauntlet, The",COL,Murray Creaney,Action
96 Minutes ,QRHC,Linette O'Corrin,Drama|Thriller
Human Resources (Ressources humaines),FAC,Meier Hulles,Drama
Everybody's Woman (La signora di tutti),GEF,Leontyne Paule,Drama
Inseparable,CY,Dilan Heaselgrave,Comedy|Drama|Mystery|Thriller
Three Came Home,KCG,Fay Regorz,Drama|War
Carmen,FLAG,Phyllida Brewitt,Drama
"Great Waltz, The",GGAL,Derrick McNeillie,Drama|Musical|Romance
"Witnesses, The (Les témoins)",LCA,Grace Marcq,Drama
De nieuwe Wildernis,K,Loy Boow,Documentary
"Contempt (Mépris, Le)",IFMK,Art Palister,Drama
Look,ETN,Alana O'Cosgra,Drama
Aileen Wuornos: The Selling of a Serial Killer,MDSO,Torr Le Noire,Documentary
Dangerous Liaisons,TGEN,Jerald Ledgister,Comedy|Crime|Drama|Mystery
Repast (Meshi),PFD,Lise Huckell,Drama
Face,VR,Kirsti Girling,Comedy
"Bay, The",TCP,Marijn Cearley,Horror|Sci-Fi|Thriller
Pleasantville,RGLS,Ephraim MacCahee,Comedy|Drama|Fantasy
Infamous,XL,Stafani Fortey,Drama
Lathe of Heaven,DQ,Sherwynd Knibley,Sci-Fi
Night Nurse,DRRX,Maud Humbles,Crime|Drama|Mystery|Thriller
Gun the Man Down,WIT,Augustine Facey,Western
Dead Man,STAG^B,Aaren Burrage,Drama|Mystery|Western
"Happy Event, A (Un Heureux Evénement)",MUJ,Addison Fergyson,Comedy|Drama|Romance
Twilight of the Ice Nymphs,BIO.B,Fania Kettlestringes,Fantasy
"Hurricane, The",MYF,Teddi Fargher,Drama
That Sugar Film,STOR,Audry Peevor,Documentary
Africa Screams,FSCFL,Rosmunda Salsbury,Adventure|Comedy
"Mooring, The",GNT,Randell Whitters,Horror|Thriller
Man for a Day,NMI,Josias Davidescu,Documentary
My Life,TEL,Albrecht Peotz,Drama
Camille Claudel,MITK,Nevin Kleinert,Drama
What Doesn't Kill You,EEP,Arlena Aizlewood,Crime|Drama
When We Were Kings,PPL,Selia Dabrowski,Documentary
Men in Black II (a.k.a. MIIB) (a.k.a. MIB 2),RFT,Anabella Regenhardt,Action|Comedy|Sci-Fi
"Wiz, The",CFNB,Gabby Lenton,Adventure|Children|Comedy|Fantasy|Musical
"Dead Man and Being Happy, The (El muerto y ser feliz)",ICHR,Doyle Effaunt,Drama
"Soft Skin, The (La peau douce)",SWK,Clerkclaude Dee,Drama
Harmful Insect (Gaichu),JMBA,Wandis Von Helmholtz,Drama
Pillow Talk,HUNTU,Louisa Radley,Comedy|Musical|Romance
Princesas,DNOW,Gabey Gytesham,Drama
Phaedra,GULF,Thaddeus Lambregts,Drama
Dampfnudelblues,PFG,Modestine Matis,Comedy|Crime
Cadillac Records,VBTX,Dimitry Weildish,Drama|Musical
Up!,SCCO,Miguela Tidcomb,Comedy
Getting Back to Abnormal,LPLA,Jewell Udy,Documentary
Himalaya (Himalaya - l'enfance d'un chef),HR,Moshe Hassent,Adventure|Drama
Headshot,TXN,Bentley Blundin,Crime|Drama|Thriller
"Baytown Outlaws, The",TMK,Bidget Yurocjkin,Action|Comedy|Crime
Every Other Week (Varannan vecka),JNJ,Mitch Fishenden,Comedy|Drama|Romance
Sliver,RH,Yale Boyfield,Thriller
Blown Away,ZBRA,Harper Soulsby,Action|Drama|Romance
"Hustlers, The (Veijarit)",MXPT,Mylo Burtwell,Comedy|Drama
Mother of George,FSLR,Dolly Hinzer,Drama
Attack on the Iron Coast,MN,Sela MacPaik,Action|Drama|War
"11'09""01 - September 11",ALQA,Didi Torrance,Drama
"Dude, Where's My Car?",OBSV,Tomas Kondratowicz,Comedy|Sci-Fi
National Gallery,SBBP,Hi Disbrow,Documentary
Beyond the Fear,ARII,Elisabeth Bonafant,Documentary
I Don't Want to Be a Man (Ich möchte kein Mann sein),FFIN,Essa Harm,Comedy|Romance
"Man Escaped, A (Un  condamné à mort s'est échappé ou Le vent souffle où il veut)",WFBI,Inez Tiernan,Adventure|Drama
Despicable Me 2,PBR,Tiphanie Vida,Animation|Children|Comedy|IMAX
"Police, Adjective (Politist, adj.)",JSYNU,Rebekkah Shewen,Comedy|Crime|Drama
What a Girl Wants,AMRI,Chrissie Danielsson,Comedy|Drama|Romance
"Night Train Murders (Last Stop on the Night Train) (Ultimo treno della notte, L')",FHY,Dinah Seddon,Horror|Thriller
"Cougars, Inc.",GPIC,Shoshana Towriss,Comedy|Drama
Hyenas (Hyènes),NOM,Hastings Lindores,Comedy|Drama
Soylent Green,ETSY,Mattias Rubury,Drama|Mystery|Sci-Fi|Thriller
"Fog of War: Eleven Lessons from the Life of Robert S. McNamara, The",BBRY,Perry Spearing,Documentary|War
Thanksgiving Family Reunion (National Lampoon's Holiday Reunion),INO,Quincey Dennitts,Comedy
"Omega Code, The",GIMO,Elane Dachey,Action
"Front Line, The (Go-ji-jeon)",GTYHW,Lion Greaser,Drama|War
If I Stay,PRN,Wakefield Fransemai,Drama
Space Is The Place,MH^A,Ayn Shrimpling,Sci-Fi
Poison Ivy II,BLPH,Sanford MacBey,Drama|Thriller
"Hammer, The",TXRH,Celina Leggin,Comedy
CBGB,PMO,Cord Cusworth,Drama
Block-Heads,WFC^Q,Kizzee Spurdens,Comedy|War
Robin Hood: Prince of Thieves,PVH,Carolyn De Ambrosis,Adventure|Drama
Under the Boardwalk: The Monopoly Story,OXLC,Berkley Wolfers,Documentary
Chopper,SDLP,Bayard Pincott,Drama|Thriller
Mr. Deeds Goes to Town,ASH,Sybille Sebborn,Comedy|Romance
Man on a Ledge,WATT,Gustav Blaszczyk,Crime|Thriller
Some Mother's Son,MPCT,Melinde Mangion,Drama
Vivacious Lady,FPL,Lockwood Petersen,Comedy|Romance
Beau Pere (a.k.a. Stepfather) (Beau-père),JHG,Aluin Deeman,Drama
Suez,ESND,Paxon Schuricke,Drama|Romance
Swordfish,CIA,Ursa Springall,Action|Crime|Drama
Return,AOBC,Caprice Rippen,Drama
Borat: Cultural Learnings of America for Make Benefit Glorious Nation of Kazakhstan,SPHS,Bettina Berlin,Comedy
Your Friend the Rat,HMNF,Clotilda Bortolotti,Animation
12 O'Clock Boys,DLR,Jenna Kubes,Documentary
As Long as You've Got Your Health (Tant qu'on a la santé),HTGM,Mariam Thornham,Comedy
Because of Winn-Dixie,CORR,Allistir Devitt,Children|Comedy|Drama
"Hunt, The (Jagten)",GUT^A,Chane Ellicott,Drama
"Pandora's Box (Büchse der Pandora, Die)",MDVXW,Marcellus Allicock,Drama
Jekyll,NLY^A,Taffy Norwood,Crime|Horror|Thriller
"Run, Simon, Run",LTXB,Fabian Camel,Adventure|Thriller
The Woman in Black 2: Angel of Death,NPO,Eugen Hindshaw,Drama|Horror|Thriller
Disorderlies,SHLO,Jodi Kernan,Comedy
"Night to Remember, A",TRU,Joice Collen,Comedy|Mystery
Unrest,MYN,Jemimah Hempel,Horror|Thriller
"Sisters, The",AZUL,Melinde Pylkynyton,Drama
I Know That Voice,GNTX,Paula Arthurs,Documentary
After the Reconciliation (Après la réconciliation),TWO^A,Chantal Arnoll,Drama
It's a Small World,AIMT,Talbert Penas,Comedy
Meet Joe Black,GSBD,Austine Annon,Romance
Patti Smith: Dream of Life,ARCC,Cory Ormesher,Documentary
In Fear,EBR,Trula Hellwing,Thriller
Sweet Nothing,STAR          ,Coriss Endon,Drama
Oscar,NWFL,Eugene Glenwright,Comedy|Crime|Mystery|Romance
Jessie James Meets Frankenstein's Daughter,SIMO,Anstice Scriver,Sci-Fi|Western
Temptress Moon (Feng Yue),MYI,Cahra Dallicott,Romance
Beethoven's Big Break,YUMC,Rolph Paulmann,Children|Comedy
"Break-Up, The",SYMX,Angel Cufley,Comedy|Drama|Romance
"Thorn Birds, The",ANSS,Artie Oliff,Drama|Romance
They Might Be Giants,FRSH,Greer Farra,Comedy|Mystery|Romance
Solaris (Solyaris),DX^A,Nana McGirr,Drama|Mystery|Sci-Fi
The Merry Widow,HOFT,Morie Kelberman,Comedy|Drama
Ping Pong Summer,NEWS,Adelice Noweak,Comedy
"Life and Times of Allen Ginsberg, The",CLB,Ame Koche,Documentary
Seeking Asian Female,FLXS,Pier Feria,Documentary
"Guyver, The",PEIX,Beckie Dikle,Action|Comedy|Sci-Fi
Duplicate,NSM,Yoshi Dinnis,Comedy|Crime|Musical
Titus,SWK,Ebony MacGilfoyle,Drama
Two Crimes (Dos crímenes),OAS,Mortie Geertz,Comedy|Crime|Drama
Pushing Tin,MTBCP,Lil Callow,Comedy
Wild Reeds (Les roseaux sauvages),CL,Hollis Solman,Drama
"Heat, The",FBHS,Joellen Cotsford,Action|Comedy|Crime
Inherit the Wind,MMLP,Tabbie Getley,Drama
Such Good Friends,EMMS,Katherina Jeanon,Comedy|Drama
Exit Smiling,DRA,Chere Erb,Comedy|Romance
Rick,NEV,Eva De Cruce,Comedy|Drama
Dream House,HBANO,Hobard Willford,Drama|Mystery|Thriller
"Grand, The",MP^D,Enrica Clapston,Comedy
Under the Stars (Bajo las estrellas),OOMA,Iain Dawkins,Drama
To Live and Die in L.A.,TV,Bastian Steinham,Action|Crime|Drama|Thriller
"World Without Thieves, A (Tian xia wu zei)",IOTS,Norton Maxweell,Action|Crime|Drama
"Wonderful Ice Cream Suit, The",EIX,Flossi Hazeldene,Children|Comedy|Fantasy
Tight Spot,NZF,Alissa Mollen,Drama|Film-Noir|Thriller
Dragnet,MOG.B,Yancey Ca,Comedy|Crime|Drama
Until the Light Takes Us,PYZ,Phyllida Cradduck,Documentary
"Living Room of the Nation, The (Kansakunnan olohuone)",TESO,Gaile Markie,Documentary
X Games 3D: The Movie,SYNL,Massimiliano Bottrill,Documentary
"Witch Who Came from the Sea, The",GENC,Willie Tellenbrook,Horror|Thriller
Goal II: Living the Dream,SRET,Nona Gheorghie,Action|Drama
Godzilla vs. Gigan (Chikyû kogeki meirei: Gojira tai Gaigan),PMTS,Che Batram,Action|Adventure|Horror
Cousins in Love (a.k.a. Tender Cousins) (Tendres Cousines),DS^C,Ellswerth Sealove,Drama|Romance
Narrow Margin,LNCE,Roby Swindon,Crime|Thriller
7th Heaven (Seventh Heaven),NAKD,Loella Guppy,Drama|Romance
"High, Wide, and Handsome",PIR,Ramon Nann,Musical|Western
Hexed,IGI,Fredi Lawtey,Comedy
On Our Merry Way,PVG,Nikolai Geffinger,Comedy|Drama
Jerusalem,LANC,Enriqueta Mingard,Drama
Blackboard Jungle,KNSL,Ashil Bleasdille,Drama
Raising Arizona,SIR,Fredia Gopsell,Comedy
Judge Dredd,RLJE,Brynna Gobel,Action|Crime|Sci-Fi
Death Rides a Horse (Da uomo a uomo),CIO^A,Mallory Penwright,Action|Western
Mahogany,BPK,Renae Attree,Drama|Romance
"Soldier's Story, A",BZUN,Bart Jovanovic,Drama
Finisterrae,BNFT,Jeramie Church,(no genres listed)
"Hound of the Baskervilles, The",PCSB,Colet Causton,Crime|Horror|Mystery
Oscar and the Lady in Pink,GTXI,Marven Mowett,Drama
Chop Shop,BW,Andrea Zellick,Drama
Damnation Alley,NRCIB,Isaiah Mogra,Drama|Sci-Fi|Thriller
Autopsy (Macchie Solari),MMAC,Cris Rhubottom,Horror
Mysterious Island,ESNT,Lita Rassmann,Action|Adventure|Fantasy|Sci-Fi
"Old Lady and the Pigeons, The (La vieille dame et les pigeons)",WEBK,Linc Tomkys,Animation|Comedy
"Naked City, The",MRC,Modestia Trillo,Crime|Drama|Film-Noir|Mystery
Scooby-Doo 2: Monsters Unleashed,SINA,Agnesse Ugolotti,Action|Adventure|Children|Comedy|Mystery
"Greatest Movie Ever Sold, The (POM Wonderful Presents: The Greatest Movie Ever Sold)",GULF,Jarrid Trevers,Documentary
American Scary,RLJE,Westleigh Brettell,Comedy|Documentary|Horror
Waxwork,CSGS,Nora Lemm,Comedy|Horror
Dead of Winter,AXTI,Riane Grinval,Horror|Thriller
"Cry of the Owl, The",ITW,Aliza Kilcoyne,Drama|Thriller
Slingshot Hip Hop,PRFZ,Indira Stuckow,(no genres listed)
Benji ,RUBI,Waylen Warland,Documentary
Hangman's Curse,CW,Sammie Kibard,Horror|Mystery|Thriller
"Tale of Two Cities, A",DM,Benedicto Haig,Drama|Romance
Chronicle of an Escape (Crónica de una fuga),UHS,Dinny Matches,Thriller
Gunbuster (Top wo Narae),RIBTW,Mechelle Varian,Action|Animation|Drama|Sci-Fi
Butterfly (La lengua de las mariposas),PF,Alanah Tatnell,Drama
Suspiria,YY,Henka Duerdin,Horror
So Much So Fast,CPB,Ellerey Raffon,Documentary
Buena Vista Social Club,HMSY,Dita Williment,Documentary|Musical
Bloomington,BZH,Lucias Weare,Drama
The Case of the Curious Bride,ASGN,Adriaens Frede,Comedy|Crime|Drama|Mystery
Country Strong,FTXN,Fabian Guite,Drama|Musical|Romance
It's a Very Merry Muppet Christmas Movie,LL,Hillery Lockner,Children|Comedy
"Khroustaliov, My Car! (Khrustalyov, mashinu!)",SRCL,Joshua Iohananof,Comedy|Drama
Grass,FHY,Washington Kealy,Documentary
Lauderdale (a.k.a. Spring Break USA) (a.k.a. Spring Fever USA),CZWI,Letitia Sayburn,Comedy
"Edge of the World, The",PEGI,Mauricio Wheal,Drama|Romance
"New Kind of Love, A",KFY,Winnah Broschke,Comedy
Jakob the Liar,QPACW,Everard Slateford,Drama
Dog Days (Hundstage),OCUL,Kissie Walkley,Drama
The Facility,HCN^I,Jobie Earwicker,Horror|Sci-Fi
Wild Gals Of The Naked West,FLDM,Estele Orneblow,Comedy|Western
High Life,UFPT,Nan Tomasino,Comedy|Crime
Things Change,GFNCP,Neely Gircke,Comedy
Ingmar Bergman Makes a Movie (Ingmar Bergman gör en film),FUND,Amity Feehily,Documentary
"Van, The",AEIS,Shem Fri,Comedy|Drama
"Human Condition II, The (Ningen no joken II)",NVTR,Roda Domenici,Drama|War
Dororo,SLRC,Alameda Cancutt,Adventure|Fantasy
Following Sean,HTD,Grover Bolingbroke,Documentary
Deepstar Six,FRC^H,Mohandas Catterick,Horror|Sci-Fi|Thriller
Disraeli,CXRX,Howie Debow,Drama
The Grump,HAWK,Adiana Fetterplace,Comedy
"Rage, The",DNOW,Sayre Mavin,Horror|Sci-Fi
"Cave, The",TICC,Lion Skelton,Action|Adventure|Horror|Mystery|Sci-Fi|Thriller
Ju-on: The Grudge,TNET,Alley Beeswing,Horror
Cruel Story of Youth (Seishun zankoku monogatari),GILD,Mayer Studdert,Drama
Count Three and Pray,BONT,Hasty Randleson,Drama|Western
Sleep Furiously,STI^E,Audrye Jacob,Documentary
Heat,CHS,Denice Neumann,Comedy|Drama|Romance
Bill & Ted's Excellent Adventure,USG,Gray Phythian,Adventure|Comedy|Sci-Fi
Lost for Life,PLYAW,Merci Stanger,Crime|Documentary
Jaws 2,RFAP,Kassia Lambeth,Horror|Thriller
Whose Life Is It Anyway?,ONTXW,Hortensia Killingbeck,Drama
"Game Plan, The",ABT,Lezlie Alexandersen,Comedy
Warm Bodies,AAN,Deerdre Grigoriev,Comedy|Horror|Romance
Anna: 6-18 (Anna: Ot shesti do vosemnadtsati),STDY,Paddie Guiness,Documentary
Trick or Treat,GASS,Davina Bagnal,Horror
Glengarry Glen Ross,NFJ,Deanna Mattiazzo,Drama
Rudolph the Red-Nosed Reindeer: The Movie,STRL,Dyna Gabits,Animation|Children
Edison Force (a.k.a. Edison),MPV,Eddy Youell,Crime|Drama|Thriller
Al otro lado,DLNG^A,Cordi Ughini,Drama
Once in a Lifetime,MATR,Fianna Boothe,Comedy
"Terror, The",SPTN,Savina Prettyjohns,Horror|Mystery
"Extra Man, The",NAZ,Carolus Tolefree,Comedy
Home Alone,SHLM,Netti Olyet,Children|Comedy
"Rutles: All You Need Is Cash, The",CWAY,Jed Vere,Comedy
"Chosen One, The",UNF,Merrill Woodvine,Comedy|Drama
Like Water for Chocolate (Como agua para chocolate),EDBI,Camel Georgiev,Drama|Fantasy|Romance
God Is Brazilian (Deus É Brasileiro),HOG,Phillie Wormleighton,Adventure|Comedy|Fantasy
Before Night Falls,JSYNU,Gates Dorber,Drama
Bed & Breakfast: Love is a Happy Accident (Bed & Breakfast),INTX,Lacey Faas,Comedy|Romance
"Vikings, The",RWT,Jessie McGeown,Action|Adventure
Waydowntown,OTTR,Langsdon Ambrozewicz,Comedy
Nowhere to Run,PDEX,Truman Isacke,Action|Romance
"Good German, The",KODK.WS,Ambrosius Andrzej,Drama|Mystery|Thriller
Anvil! The Story of Anvil,WNS,Sib Oliveras,Documentary|Musical
Attila Marcel,AGEN,Drusi Simister,Comedy|Drama
City of Ember,KYO,Ludwig Liversedge,Adventure|Children|Sci-Fi
Fathers' Day,KNX,Keen Biesterfeld,Comedy
"Wedding Photographer, The (Bröllopsfotografen)",CHSP^A.CL,Estrella Penniall,Comedy|Drama|Romance
"Hole, The",RAIL,Devin Spavins,Crime|Drama|Horror|Mystery|Thriller
Beautiful Ohio,RF^B,Ginelle Duley,Comedy|Drama
Scenes from a Mall,REN           ,Nana Swanborrow,Comedy
Breast Men,DTQ,Gwyneth Durden,Comedy|Drama
We Are What We Are,LPNT,Claiborne Rahl,Drama|Horror|Mystery|Thriller
Blue,EPR,Katharine Zealander,Romance|Western
"On Guard (Bossu, Le)",NSA,Cammi Sutliff,Adventure|Drama
D-Day,OMF,Elayne Brideoke,Action|Thriller
"Queen, The",RVT,Misti Barttrum,Drama
"Hired Hand, The",COR,Rice Elia,Western
Mystery of the Wax Museum,WHG,Jillie Pixton,Horror
Yol (a.k.a. The Way),SMED,Munroe Beagrie,Drama
Lotto Land,CRVS,Valle McRorie,Drama
Nobody Wants the Night,ADRA,Sydney Emmert,Drama
"Employment, The (Empleo, El)",GUT^C,Itch Whistance,Animation|Comedy|Drama
100 Years at the Movies,OVID,Leif Petasch,Documentary
Cruel Gun Story (Kenjû zankoku monogatari),RGC,Marieann Heynel,Action|Crime|Thriller
Amy,PDLI,Margarete Shilston,Comedy|Drama
"Price of Forgiveness, The (Ndeysaan)",CDC,Gualterio Tout,Drama
"Stig-Helmer Story, The",ARES,Herbert Marchetti,Comedy|Drama
"Deep End, The",HQCL,Gideon Allenby,Drama
Ladyhawke,GIFI,Juliane Calladine,Adventure|Fantasy|Romance
"Place Promised in Our Early Days, The (Kumo no mukô, yakusoku no basho)",LDF,Caitlin Tynnan,Animation|Drama|Romance|Sci-Fi|War
"Front Page, The",LYB,Andrew Rozier,Comedy
"Black Cauldron, The",RMTI,Theresina Ede,Adventure|Animation|Children|Fantasy
"Left-Hand Side of the Fridge, The (Moitié gauche du frigo, La)",EGP,Porter Tommei,Comedy
Citizen X,NMT,Cameron Stoile,Crime|Drama|Thriller
Bad Company,BCH,Danita Angier,Action|Comedy|Crime
"Life and Times of Judge Roy Bean, The",BCLI,Cindra Poel,Comedy|Western
Judy Berlin,WFC^Y,Belinda Oxer,Drama
Naked,SWNC,Pat Kemish,Drama
Being Cyrus,FAF,Winfred Newsham,Comedy|Drama|Thriller
"Where Angels Go, Trouble Follows",PCO,Osmund Woodyeare,Comedy
Missing William,WF,Katha Foystone,Drama
Anthony Adverse,GOF,Tierney Libero,Adventure|Romance
Fanny and Alexander (Fanny och Alexander),EEX,Arvie Fairlie,Drama|Fantasy|Mystery
Princess O'Rourke,LMAT,Gunar Gueste,Comedy|Romance
Titan A.E.,USFD,Egan Grazier,Action|Adventure|Animation|Children|Sci-Fi
Paheli,AKRX,Klemens Boulder,Drama|Fantasy|Musical|Romance
"Incredibles, The",SFBS,Ailina Moseby,Action|Adventure|Animation|Children|Comedy
"Singing Detective, The",NEWR,Neile Ribeiro,Comedy|Drama|Musical|Mystery
Drunken Tai Chi (Siu taai gik),FORM,Joell Vasyukhin,Action|Comedy
The Testimony,AIR,Jedidiah Dabrowski,(no genres listed)
"Sea Gull, The",NICK,Florinda Milkins,Drama|Romance
Semper Fi,MDVX,Zelig Rubenfeld,Action|Drama
"Breakfast Club, The",NTWK,Bridget Hacket,Comedy|Drama
"Rite, The",WIFI,Ozzy Dows,Drama|Horror|Thriller
Blood Beach,ONVO,Cynthia Bergin,Horror|Mystery
Three Seasons,LOXO,Sarge Tootal,Drama
"Havre, Le",BNS,Tymon Klemencic,Comedy|Drama
Fast Food Nation,DNB,Moss Wingatt,Drama
Boy Interrupted,CMCO,Amory Glassford,Documentary
All Night Long,TAYD,Belinda McGilmartin,Drama
Pandemonium,IAG,Pooh Adam,Comedy|Horror|Mystery
Misconception,GNC,Man Walding,Documentary
Images of the World and the Inscription of War (Bilder der Welt und Inschrift des Krieges),DNR,Kristel Beckham,Documentary|War
Cast Away,CYTR,Nikkie Kops,Drama
"Funny Man, A (Dirch)",ACHN,Pat Gascoigne,Drama
"Hollywood Complex, The",MGEE,Deanna Blaase,Documentary
Patrick,ALDR,Clevey Bortolozzi,Horror|Sci-Fi|Thriller
"Sword and the Sorcerer, The",SBNA,Dorella Rose,Action|Adventure|Fantasy
"Giant of Marathon, The (Battaglia di Maratona, La)",MAC,Darill Joynes,Action|Drama|War
Stanley and Livingstone,MGI,Sue Coulthart,Adventure|Drama
"Way of the Gun, The",NVLN,Tish Niesegen,Crime|Thriller
Two Lives (Zwei Leben),RAS,Emmeline Baistow,Drama|Thriller
New York Cop (Nyû Yôku no koppu),HRMNW,Leanor Gatheridge,Action|Crime
Cool Hand Luke,CVCO,Lucienne Filisov,Drama
Gable: The King Remembered,MYF,Jolie Ellin,Documentary
Boy Meets Girl,JHX,Cathi Enevoldsen,Comedy
The Batman vs. Dracula,HBM.WS,Demeter Badcock,Action|Animation|Horror|Thriller
Dorm Daze (National Lampoon Presents Dorm Daze),LEXEB,Zondra Oswick,Comedy
Ricky Gervais: Out of England - The Stand-Up Special,XPO,Datha Bohler,Comedy
"Color of Money, The",NWLI,Perkin Wythill,Drama
Frozen Fever,UFPT,Ethelin Roulston,Adventure|Animation
You Are the Apple of My Eye,ALJJ,Holli Anshell,Comedy|Drama|Romance
"Factory, The",BBGI,Noella Pietruschka,Mystery|Thriller
"Flight of Dragons, The",PXS,Karlik Schubbert,Adventure|Animation|Children|Drama|Fantasy
Kawa,JSYNR,Adorne Edmans,Drama
Android,CNS,Leesa Yerrell,Sci-Fi
Battle in Seattle,BCRX,Almeria Lightowlers,Action|Drama
Sins of My Father,CVS,Ericha Ditch,Documentary
"Dead Girl, The",TSLA,Kevin Fiennes,Drama|Mystery|Thriller
"Outlaw Josey Wales, The",BPK,Christoforo Perroni,Action|Adventure|Drama|Thriller|Western
About Face: Supermodels Then and Now,HALL,Fredericka Krishtopaittis,Comedy|Documentary
Fog City Mavericks,NBIX,Kennie Maypes,Documentary
Coming Home,AIR,Patrice Simoncello,Drama|War
Wicked Blood,AGYS,Dari Volkes,Action|Drama|Thriller
"Witches, The (aka Devil's Own, The)",C^K,Sharlene Cossor,Horror
Valentino: The Last Emperor,ENLC,Mavra Defraine,Documentary
Affluenza,DTJ,Thadeus Pughsley,Drama
"Exorcist III, The",CBLI,Aubrette Hostan,Horror
Will It Snow For Christmas? (Y'aura-t-il de la neige à Noël?),CIA,Zebedee Scolding,Drama
Bambi,WBB,Allina Cosh,Animation|Children|Drama
Spacehunter: Adventures in the Forbidden Zone,HK.WS,Loraine January,Sci-Fi
Betty Boop's Hallowe'en Party,PBT,Antoni Josofovitz,Animation|Comedy|Horror
Gentleman's Agreement,TUTI,Raddy Lygo,Drama
Pulse (Kairo),STT^C,Leigha Thickins,Horror|Mystery|Thriller
Recollections of the Yellow House (Recordações da Casa Amarela),VIGI,Rosemarie Beckham,Comedy|Drama
Sokkotanssi,CETXW,Joella Butchard,Comedy|Drama
"Terrace, The (Terrazza, La)",KMDA,Tymon Maryan,Drama
The Stoker,MSCC,Rosy Lampert,Crime|Drama
My Way (Mai Wei),RADA,Margery Cowap,Action|Drama|War
Dylan Moran Live: What It Is,FT,Faun Gruby,Comedy
One Man's Hero,VBLT,Neale Seson,Drama|War
That Hagen Girl,STT^C,Sapphira Halkyard,Drama
Direct Action,VSTM,Wolfie Winfindale,Action|Crime|Thriller
American Hustle,ENSG,Sandor Bushill,Crime|Drama
THX 1138,DISCA,Wittie Kloster,Action|Adventure|Drama|Sci-Fi
"Amazing Panda Adventure, The",EBIX,Hugues McVitie,Adventure|Children
"Omen, The",EVRI,Yule Grealish,Horror|Thriller
Blue Spring (Aoi haru),EFR,Ludvig Tomaskunas,Drama
You're Gonna Miss Me,FTRPR,Bernita Shreenan,Documentary
Heartburn,TEO,Dean Holsey,Comedy|Drama
"Shrink Is In, The",PSB^V,Kahaleel Streader,Comedy|Romance
Dragon Ball Z: Bio-Broly (Doragon bôru Z 11: Sûpâ senshi gekiha! Katsu no wa ore da),HRTG,Florrie Duham,Action|Adventure|Animation
All About Lola (Ce que je sais de Lola) (Lo que sé de Lola),RAVN,Brigid Reeve,Romance
College,CRZO,Corliss Abrahart,Comedy
Heavens Fall,THLD,Mercedes Huguet,Drama
Silja - nuorena nukkunut,FRT,Allin Richold,Drama|Romance
Ballou,FRPT,Marti Kyteley,Documentary|Musical
Click,JRI,Adrien Popeley,Adventure|Comedy|Drama|Fantasy|Romance
Solyaris,EOG,Starr Dinis,Drama|Sci-Fi
High and Dizzy,ETB,Marshall Brambell,Comedy
"Wayward Cloud, The (Tian bian yi duo yun)",KRG,Ansel Boman,Comedy|Drama|Musical
Compulsion,GFNCP,Ilyse Blumson,Crime|Drama|Thriller
"Thousand Cuts, A",QTS,Opaline Shreeve,Thriller
Red Dawn,LAYN,Dalenna Lemm,Action|War
"Late Quartet, A",DAX,Bethanne Oene,Drama
"Devil, The (Diabel)",WEX,Gloriane McGready,Drama|Horror
Only the Strong,USPH,Lydon Scarce,Action
Memorial Day,TTGT,Ivy Duigan,Action|Drama|War
Barbarians at the Gate,SYX,Aigneis Bloxsum,Drama
Alpha and Omega,MS^G,Rebe Lasslett,Adventure|Animation|Children|Comedy|Romance
"Stupids, The",DDD,Menard Vedekhov,Comedy
U.S. Seals,CCD,Amby Roof,Action|Thriller
Right Now (À tout de suite),GEB,Leslie Ashe,Crime|Drama|Romance|Thriller
Predator 2,MDCO,Anne Ivanishev,Action|Sci-Fi|Thriller
Kill by Inches,NSTG,Dominick Carse,Fantasy|Horror|Thriller
"Matador, The",UAA,Sybila Oseman,Documentary
"Good Year, A",AMH^F,Anastasie Joffe,Comedy|Drama|Romance
Kabhi Haan Kabhi Naa,INWK,Ewell Marsh,Comedy|Drama|Musical|Romance
Hustle,RCM,Marylee Emanuelli,Crime|Drama|Mystery|Thriller
Swing Time,TTM,Roselia Reilinger,Comedy|Musical|Romance
"Private War of Major Benson, The",KNOP,Brianne Crampin,Children|Comedy|Romance
Mutants,EXLS,David Sallery,Horror|Sci-Fi
"Nameless, The (Los sin nombre)",CDNA,Joelly McGiff,Drama|Horror|Mystery
Cadillac Man,XLRN,Teirtza O'Hannen,Comedy|Crime
I Am,GCO,Lyle Rosengarten,Documentary
Ghostbusters (a.k.a. Ghost Busters),JCTCF,Sheridan Andreu,Action|Comedy|Sci-Fi
Airport '77,NRCIB,Grace Van Son,Drama
Buddies (Colegas),THST,Auguste Danneil,Adventure|Comedy
Seance on a Wet Afternoon,SIGI,Jonell Scapens,Crime|Drama|Thriller
"Autobiography of Miss Jane Pittman, The",STI.WS.B,Shauna Local,Drama
Moonshot,FOXF,Cristie Piccop,Drama
"City of Women, The (Città delle donne, La)",DSE,Bearnard Goady,Comedy|Drama
Killer McCoy,STAG^B,Shel Carnachen,Drama
"Last Days, The",MRDN,Minna Highwood,Documentary
Venice/Venice,TOO^A,Shem Gulleford,Drama
"Tough Ones, The (Häjyt)",OESX,Joellyn McGeoch,Action|Drama
"Streetcar Named Desire, A",KMB,Charity Dunbobin,Drama
Sex and Breakfast,SITE,Tamas Westcot,Comedy|Drama|Romance
"Yoo-Hoo, Mrs. Goldberg",PGRE,Reinaldo Cannam,Documentary
Allegro non troppo,DGICB,Fairleigh Haddrell,Animation|Comedy|Fantasy|Musical
Mosaic,HCAP,Olva McPhelimey,Animation
Killer Movie,MNTX,Pierette Fairall,Comedy|Horror|Mystery|Thriller
The Righteous Thief,FEIM,Iolanthe Collens,Adventure
"Christmas Toy, The",AFGH,Lothario Gravatt,Children|Musical
Safe,CSBK,Cleve Bootell,Action|Crime|Thriller
"Closer You Get, The",QQEW,Gareth Wall,Comedy|Romance
"Bride of Frankenstein, The (Bride of Frankenstein)",DTQ,Melanie Pickett,Drama|Horror|Sci-Fi
Sick Girl,SONA,Edna Johanchon,Crime|Horror|Thriller
Hamlet,SMBC,Raddie Edinborough,Crime|Drama|Romance
Return of the Street Fighter (Satsujin ken 2),JW.A,Emlynn Baleine,Action|Crime|Drama
Iraq for Sale: The War Profiteers,CLI,Rafferty Habishaw,Documentary
Promises,NFJ,Sebastien Roon,Documentary
Disaster L.A.,TCRX,Darnell Robertsson,Action|Horror|Sci-Fi
"Care Bears Movie, The",PSA^Y,Rodolphe Tickle,Animation|Children|Fantasy
It's Such a Beautiful Day,GPS,Kiah Fairburne,Animation|Comedy|Drama|Fantasy|Sci-Fi
Cruising,NNY,Phylis Durram,Crime|Drama|Thriller
"Gentle Woman, A (Une femme douce)",IBUY,Yvor Pratt,Drama
"Second Civil War, The",SAH,Kimberly Cino,Comedy|Drama
"Fog, The",JPS,Tome Pallant,Horror
Four Sons,COO,Aeriell Leipelt,Drama
"Dawn Patrol, The (Flight Commander)",NEOG,Irving Dudson,Action|Drama|War
Prime Suspect,SSW^E,Bordie Rowling,Crime|Drama|Mystery|Thriller
"Ice Rink, The (La patinoire)",MPX,Merle Frantzeni,Comedy|Romance
"Bad News Bears in Breaking Training, The",BRSS,Glen MacDermand,Comedy
Heist,OMF,Micky Andreopolos,Crime|Drama
"Inbetweeners 2, The",HCA,Waverley Moral,Comedy
Yuva,CLI,Alberto Witty,Action|Adventure|Crime|Drama
Death of a Cyclist (Muerte de un ciclista),TAHO,Gail Juara,Drama
Zotz!,SLTB,Sheree Manicom,Comedy|Fantasy|Horror
Death Warrant,BTA,Worth Marciek,Action
Chouga (Shuga),BRKL,Marve Pavelka,Drama
Dead Man Down,TCPC,Sherlocke Svanetti,Action|Crime|Drama|Romance|Thriller
Dead Space: Downfall,AGNCP,Benito Dalyell,Action|Animation|Sci-Fi
Aelita: The Queen of Mars (Aelita),GAINM,Darleen Piris,Action|Adventure|Drama|Fantasy|Romance|Sci-Fi|Thriller
"Hidden Blade, The (Kakushi ken oni no tsume)",BBY,Annissa Sherrock,Action|Drama|Romance
Too Many Cooks,PRTK,Tannie Brinded,Comedy
"Crowd, The",IIM,Whitaker Crosdill,Drama
"Mystery, Alaska",AEB,Cynthie Clues,Children|Comedy
Liberty Stands Still,SITE,Kevan Gatfield,Action|Drama|Thriller
"Ghost and Mr. Chicken, The",DSE,Joly O'Shirine,Comedy|Romance
"Young Visiters, The",AREX,Stavros Stitfall,Comedy|Romance
Jumper,BOBE,Alejandra Jeffcock,Action|Adventure|Drama|Sci-Fi|Thriller
"Dirty Dozen, The: The Fatal Mission",LARK,Rakel Henlon,Action|Adventure|War
Daayen Ya Baayen,KSM,Magdalene De Meyer,Comedy|Drama
Good Morning (Ohayô),QQQC,Berty Bratton,Comedy
"Hot Chick, The",TVIX,Ardath Chinnick,Comedy
Rocco and His Brothers (Rocco e i suoi fratelli),AGND,Rafa Noto,Crime|Drama
"Red Beret, The",ONVI,Ethelin Domke,Drama|War
Krippendorf's Tribe,HUM,Koral Eardley,Comedy
R,PEB,Larine Collaton,Drama
"Swimsuit Issue, The (Allt flyter)",GULF,Jerrilee Tregenza,Comedy|Drama
"Heroes of Telemark, The ",CTLT,Brady Harvey,Action|Drama|War
Intimate Lighting (Intimni osvetleni),DECK,Saba Wildgoose,Comedy|Drama
"Stranger Among Us, A",NEON,Felisha Fewings,Crime|Drama|Romance
"Vampir (Cuadecuc, vampir)",JJSF,Lorraine Mechi,Documentary|Horror
Skokie ,HCP,Ede Walkling,Drama
"Mother, Jugs & Speed",NE,Mickie MacCook,Comedy
Cleopatra,ACWX,Oneida Fitzsimon,Comedy|Drama
"Beekeeper, The (O melissokomos)",GNVC,Sergeant Bompass,Drama
"First Day of the Rest of Your Life, The (Le premier jour du reste de ta vie)",NQP,Kellby Rickets,Comedy|Drama
Metropolis,CFA,Christine Prodrick,Drama|Sci-Fi
Criminal Justice,WHLM,Gardiner Bonefant,Drama
Derrida,EGLT,Rudie Arnli,Documentary
Shaft in Africa,EPIX,Dolph Basketter,Action|Crime
Apocalypto,AWRE,Marlo Greeno,Adventure|Drama|Thriller
The Flower in His Mouth,MRTX,Kincaid MacFaell,Drama|Mystery
Darwin's Nightmare,LBF,Binni Swindlehurst,Documentary
Nymph,AMH^A,Stanleigh Sparkwell,Fantasy|Horror
Act Da Fool,MFT,Cole Yerrington,(no genres listed)
Adios Sabata,MPA,Kasey O'Downe,Action|War|Western
"Oh, God! Book II",IPGP,Zelda Garrett,Comedy
Little Darlings,BUD,Brennen Gronav,Drama
"Brown Bunny, The",PEP,Garrot Dellatorre,Drama
September Dawn,KYN^F,Hildagard Schroder,Drama|Romance|Western
Razortooth,LCII,Gabi Prestie,Action|Horror|Sci-Fi|Thriller
I'm Here,CBRL,Felike Arnholz,Drama
"American Tail: Fievel Goes West, An",CNCR,Melitta Haith,Adventure|Animation|Children|Musical|Western
Sniper,SEED,Janie Waulker,Action|Drama
Nell,NVLN,Leeanne Alltimes,Drama
"Reluctant Debutante, The",ALG,Gasper Fassan,Comedy|Drama
"Return of the Magnificent Seven, The (a.k.a. Return of the Seven)",TTEK,Vivian Northbridge,Western
Last Chance,NTRS,Stacee Capin,Comedy
Admiral,FPAY,Porty Launder,Drama|War
Superhero Movie,HVBC,Bryan Curmi,Action|Comedy|Sci-Fi
Amuck!,LVHD,Rafa Stace,Drama|Horror|Mystery
Scooby-Doo! Camp Scare,KEYW,Ianthe Bence,Adventure|Animation|Children|Comedy|Mystery
Snowpiercer,CC,Etheline Gwynne,Action|Drama|Sci-Fi
Loins of Punjab Presents,BHACW,Annabella Vockins,Comedy
"Long Way Home, The",EGT,Loreen McVee,Documentary
"Final Inquiry, The (Inquiry, The) (inchiesta, L')",POL,Hayley Perroni,Adventure|Drama|Mystery
Amer,MCD,Tierney Rouby,Drama|Horror
"Big Hangover, The",RJF,Lin Landrieu,Comedy
Love at the Top,GALT,Eadie Bleasdille,Comedy|Drama
Connie and Carla,FTGC,Humfrey McLise,Comedy
"Locals, The",UBCP,Peggie Keggins,Horror|Thriller
Redirected,TWTR,Chaddy Fillon,Action|Comedy|Crime
"Hitch Hikers Guide to the Galaxy, The",EZT,Monica Sauter,Adventure|Comedy|Sci-Fi
"Big Town, The",PMD,Cletus Ducker,Drama|Romance|Thriller
Evocateur: The Morton Downey Jr. Movie,HWCC,Timoteo Gentry,Documentary
Millions,FRAN,Reece Buff,Children|Comedy|Crime|Drama|Fantasy
Mirage Men,MPAC,Shaina Mill,Documentary
Seven Thieves,PHK,Gaye Habgood,Crime|Drama
"Next Step, The",MELR,Tybalt Lehrer,Drama
Street Fight,AVT,Sharona Guys,Documentary
"Woman in The Septic Tank, The (Ang Babae sa septic tank)",FIBK,Janot Steven,Comedy|Musical
Asterix vs. Caesar (Astérix et la surprise de César),AKAO,Margot Sybry,Adventure|Animation|Children|Comedy
To Hell and Back,USB^M,Francis Bruty,Action|Drama|War
Non-Stop,AIV,Maje Matzeitis,Drama|Mystery|Thriller
"Moment After, The",EOI,Serena Drayson,Drama|Sci-Fi|Thriller
A Home at the End of the World,HTHT,Carma O'Fogerty,Drama|Romance
Disaster Movie,HQCL,Arlee Chell,Comedy
Onionhead,EXPE,Bertrando Guynemer,(no genres listed)
You Kill Me,AMTX,Sergent Snaith,Comedy|Crime|Thriller
Transistor Love Story (Monrak Transistor),MFCB,Kathy Barbera,Comedy|Drama|Musical|Romance
"Monkey's Tale, A (Château des singes, Le)",HTBK,Luciano Kohring,Animation|Children
Shaka Zulu: The Citadel,NCI,Antonetta Sayse,Drama
"Decade Under the Influence, A",NXTD,Annelise Darlasson,Documentary
Saving Private Ryan,ZTS,Roderic Hunstone,Action|Drama|War
One for the Money,ABR^B,Gill Buckles,Action|Comedy|Crime
"Topo, El",KEF,Manya Heinz,Fantasy|Western
Future by Design,CNMD,Berke Gaiter,Documentary|Sci-Fi
The Case of the Scorpion's Tail,MOTA,Cirillo Barthrup,Mystery|Thriller
Letter from Siberia,WTR,Taite Avison,(no genres listed)
"Chipmunk Adventure, The",DHIL,Allie Bridge,Adventure|Animation|Children|Comedy|Fantasy|Musical
Shadowlands,TRUP,Robinett Gilhouley,Drama|Romance
Red Cliff (Chi bi),CPLP,Lucia Cordaroy,Action|Adventure|Drama|War
Zookeeper,QADB,Fabien Cornely,Comedy
Porco Rosso (Crimson Pig) (Kurenai no buta),FCAU,Ulrike Wakelin,Adventure|Animation|Comedy|Fantasy|Romance
Carnosaur 3: Primal Species,SENEA,Wendall Kohlert,Horror|Sci-Fi
"Thin Red Line, The",BKHU,Grissel Johanssen,Action|Drama|War
Out to Sea,HYH,Lyon Kennea,Comedy
"Man from the Future, The (O Homem do Futuro)",SWM,Lesly Domenc,Comedy|Fantasy|Sci-Fi
Black Rainbow,QPAC,Dorris Eastridge,Thriller
Diggers,VVV,Marji Gowar,Comedy|Drama
Looking for Comedy in the Muslim World,NCIT,Toma Dennistoun,Comedy
Take Out,DRYS,Jammal Berrey,Drama
Razortooth,CYH,Yance Dineen,Action|Horror|Sci-Fi|Thriller
Leave,BMI,Faulkner Jachimczak,Drama|Thriller
"Adventures of Hajji Baba, The",CARA,Tiebout Kernaghan,Action|Adventure|Romance
Charlie St. Cloud,CFR^A,Annecorinne Rowlinson,Drama|Fantasy|Romance
Get Shorty,SOV^C,Eldridge Strettell,Comedy|Crime|Thriller
Private Detective 62,WMGI,Astra Digby,Comedy|Crime|Drama
Coffee and Cigarettes,HSGX,Michele Sisland,Comedy|Drama
Animal House,ANH^A,Irma Iredale,Comedy
Killing Us Softly 3,FLN,Alphonse Walklate,Documentary
Phat Beach,TVIX,Tuckie Cosbee,Comedy
Tongan Ninja,FGP,Jecho Bruton,Action|Adventure|Comedy
Sarraounia,G,Dianemarie Canepe,Drama|War
Gentlemen Prefer Blondes,PPP,Ninetta Bowlas,Comedy|Musical|Romance
City in the Sea,HMTA,Fredric Chatell,Adventure|Fantasy|Sci-Fi
Karla,ARNC^B,Doug Rue,Crime|Drama|Thriller
"Rising Place, The",THST,Phineas Croson,Drama
Cuba,ARCB,Conan Rowsell,Action|Adventure|War
Larks on a String (Skrivánci na niti),AZUL,Aviva Yurshev,Comedy|Drama|Romance
What's Your Number?,SPNE,Elisabeth Geke,Comedy|Romance
Shadow of the Thin Man,OPHC,Johann Heyfield,Comedy|Crime|Mystery
"Beaches of Agnes, The (Plages d'Agnès, Les)",ATHX,Jayson Wallas,Documentary
Fairhaven,CMRE^B,Waverley Isles,Drama
Blind,INFY,Lee Snoday,Drama
Trick 'r Treat,MHK,Tamqrah Dyett,Comedy|Horror|Thriller
Comrade X,CMD,Ivor Crottagh,Comedy|Drama
Turn of Faith,RFAP,Vittoria McCaughey,Crime|Drama
"Corbeau, Le (Raven, The)",SN,Pansie Meekin,Crime|Drama|Thriller
"Long Night, The",ASPS,Nathanil Champain,Crime|Drama|Film-Noir|Romance|Thriller
Dark Portals: The Chronicles of Vidocq  (Vidocq),STLD,Laina Denzilow,Action|Crime|Fantasy
One Magic Christmas,NADL,Westleigh Ekless,Drama|Fantasy
Big River Man,AWK,Yovonnda Gower,Documentary
"Brown Bunny, The",VMW,Shirl Denacamp,Drama
Lucky You,RRC,Lynn Vautier,Comedy|Drama
Stargate SG-1 Children of the Gods - Final Cut,WERN,Ranique Pindar,Adventure|Sci-Fi|Thriller
Beyond The Hills,ATI,Rowen Ronald,Drama
And So It Is,CATO,Law Pavlata,Drama
Crazy for Christmas,RA,Rhodie Agutter,Children
Zombieland,MCBC,Flossi Highnam,Action|Comedy|Horror
Death Sentence,ARLP,Parker Kewley,Drama|Thriller
Invasion of the Body Snatchers,SRC,Elmira Bryning,Horror|Mystery|Sci-Fi|Thriller
Jackass Presents: Bad Grandpa .5,NEE^Q,Livvy Sappell,Comedy|Documentary
The Other Side of the Mountain,LJPC,Sharline Sans,Drama
The New Girlfriend,TY,Bryana Dunbleton,Drama
Mr. Moto in Danger Island,IDRA,Theo Blaxley,Crime|Drama|Mystery|Thriller
The Last Station,AF^C,Cyrillus Buttriss,Drama
"Phantom, The",FYX,Sonny Barnett,Action|Adventure|Crime|Fantasy
Halls of Montezuma,OFIX,Alyson Espinazo,Adventure|War
Betty Blue (37°2 le matin),X,Woodrow Briscow,Drama|Romance
He Ran All the Way,VOXX,Griffith Henker,Crime|Drama|Film-Noir
Killer (Tueur à gages),PDEX,Malina Davidovsky,Action|Crime|Thriller
BURN-E,IRET^B,Heloise Giovanizio,Adventure|Animation|Children|Sci-Fi
Dick Tracy,PBBI,Alexandr Knolles-Green,Action|Crime
Private Lives,CSS,Melissa Doerr,Comedy|Drama
Lady Killer,VICL,Ileane Giovanardi,Comedy|Crime
American Flyers,AXAR,Marie Ensor,Drama
El malvado Carabel,AQN,Bernetta Coomer,Comedy
Mickey's Once Upon a Christmas,VTN,Kass Tibbles,Animation|Comedy|Fantasy
Won't Back Down,FAST,Sacha Maskill,Drama
Mansfield Park,UNXL,Brod Ager,Comedy|Drama|Romance
Sgt. Bilko,SR,Genny Brezlaw,Comedy
Mediterraneo,HT,Renee Leser,Comedy|Drama
Flatliners,HGSH,Genvieve Blazhevich,Horror|Sci-Fi|Thriller
Farewell to Matyora,VNO^I,Rivi Lofty,Drama
It's Pat,RSYS,Ferrel Christmas,Comedy
Roadracers,GNT,Alysa Fox,Drama
Bride of the Wind,SRPT,Burk Bridgewood,Drama|Musical|Romance
"Love Bug, The",UNTY,Elly Hamman,Children|Comedy
Moontide,DISCK,Ximenes Pershouse,Drama|Film-Noir
Flower Drum Song,FFC,Jonie Petrushanko,Comedy|Musical|Romance
"Dreamlife of Angels, The (Vie rêvée des anges, La)",MGI,Danny Legrand,Drama
"Lost Thing, The",BPOP,Jillane Lardiner,Animation|Drama|Fantasy
Alone (Issiz adam),SWKS,Catharine Antyukhin,Drama|Romance
Aftermath: Population Zero,URBN,Welsh Tremontana,Documentary|Sci-Fi
Yatterman (Yattâman),UAA,Briana Rasmus,Action|Comedy|Fantasy
"Trouble with the Truth, The",PBI,Cher Ramberg,Drama|Romance
"Fool There Was, A",GLUU,Jesselyn Longhorn,Drama
Tillbaka till Bromma,LINU,Janessa Eustice,Comedy
"Other Boleyn Girl, The",CRNT,Amalea Coddrington,Drama|Romance
Carried Away,NICE,Birk Bestwerthick,Drama|Romance
Romeo and Juliet,WFC^O,Gabie Tollow,Drama|Romance
Milka - A Film About Taboos (Milka - elokuva tabuista),MRDN,Mahalia Canacott,Drama
Eternity and a Day (Mia aoniotita kai mia mera),CNFR,Kiele Caudwell,Drama
The Land,EURN,Lexis Issatt,Documentary
Emma,CRWS,Carson Sweetzer,Romance
Suspicious River,IFEU,Sayre Cherrison,Drama
Partly Cloudy,CXSE,Isa Bitcheno,Animation|Children|Comedy|Fantasy
Trapped in the Closet: Chapters 1-12,ENBL,Gayel Feldfisher,Drama|Musical
"Human Family Tree, The",UNH,Gil Welbelove,Documentary
"Road Warrior, The (Mad Max 2)",TCBIL,Jasmine Olyonov,Action|Adventure|Sci-Fi
Blood and Roses (Et mourir de plaisir) (To Die with Pleasure),KHC,Bettine Clohissy,Horror
Everything You Always Wanted to Know About Sex * But Were Afraid to Ask,FENG,Heywood Pescod,Comedy
Absolute Giganten,SPLK,Prent Neild,Action|Comedy|Drama|Romance
Talhotblond:,DEPO,Perren Taffie,Documentary|Thriller
Blue Spring (Aoi haru),DSPG,Guthry Andrichak,Drama
All's Well,OFS,Simone Fry,Drama
Hot Pepper,AZUL,Noami Kidson,Documentary|Musical
Suite Française,GBCI,Archaimbaud La Croce,Drama|Romance|War
Smashing Pumpkins: If All Goes Wrong,FSBK,Trixy McCritchie,Documentary|Musical
Dialogues with Solzhenitsyn (Uzel),OPK,Shea Golby,Documentary
"Misérables, Les",GEF.B,Ellissa Beauly,Drama
"Personal History, Adventures, Experience, & Observation of David Copperfield the Younger, The (a.k.a. David Copperfield)",BMLA,Suzanna Sanja,Adventure|Drama|Romance
Siete minutos (Seven Minutes),WSM,Jakob Philipet,Comedy
This Is My Father,COF.WS,Rusty Ivins,Drama|Romance
Winds of the Wasteland,MICTW,Locke Trattles,Western
Rebirth of Mothra II,KEP,Adolpho Backhouse,Action|Fantasy
Quatre garçons pleins d'avenir,SYNC,Ibbie Eric,Comedy
Adam's Apples (Adams æbler),EVF,Avictor Leadbitter,Comedy|Drama
Killer: A Journal of Murder,FLN,Gibbie Forrester,Crime|Drama
"Quare Fellow, The (a.k.a. The Condemned Man)",CNOB,Coretta Marcussen,Drama
"Boondock Saints II: All Saints Day, The",IVENC,Lanny Gauthorpp,Action|Crime|Drama|Thriller
Mrs. Brown's Boys D'Movie,TK,Bridget Challinor,Comedy
"Remains of the Day, The",GSVC,Tybie Cadden,Drama|Romance
My Friend Henry (Ystäväni Henry),GJR,Tades Soule,Children|Drama
Elia Kazan: A Director's Journey,SOI,Anderson Guage,Documentary
Smashed,NTWK,Karlens Culshew,Comedy|Drama
Black Beauty,PPSI,Franciska Geockle,Adventure|Children|Drama
Nothing Left to Fear,TLF,Ginevra Sudran,Horror
New York,PRTY,Pippa Grigorini,Crime|Drama|Thriller
"Disappeared, The",STI,Nicole Detheridge,Horror
Explorers,TRST,Gordie Jozwik,Adventure|Children|Sci-Fi
Andy Hardy Meets Debutante,VSAR,Herrick Lown,Comedy|Romance
Filth,LQ,Thomasine Lettington,Comedy|Crime|Drama
"Program, The",NEOS,Christalle McNamara,Action|Drama
"Patriots, The (Patriotes, Les)",VBLT,Courtnay Johanning,Thriller
"League of Ordinary Gentlemen, A",FLC,Conchita Pennycook,Documentary
Stowaway,GTN,Violetta Junifer,Adventure|Musical
Kajaki,HIBB,Toma Benkhe,Adventure|Drama|War
Super Hero Party Clown,ANAT,Gert Nequest,Comedy|Romance
"Other End of the Line, The",MOG.B,Ole Blackbrough,Comedy|Romance
Shock Waves,WPG,Janifer Popham,Horror
"Velocity of Gary, The",POLA,Deena Crus,Comedy|Romance
"Long and Short of It, The",HVBC,Winthrop Peplaw,Drama
Brigham Young,ISD,Celestine Worral,Romance|Western
Legendary,WEB,Clemmy Snellman,Drama
Delusions of Grandeur (La folie des grandeurs),NUROW,Julia Gorthy,Comedy
Ong-Bak: The Thai Warrior (Ong Bak),FOANC,Orelie Lomas,Action|Thriller
"Pool, The",OIIM,Kaja Arsnell,Comedy|Drama
The Man in the Orange Jacket,MCN,Franchot Lawes,Horror|Mystery|Thriller
Time of Roses (Ruusujen aika),KINS,Anitra Northam,Sci-Fi
"Prestige, The",USFD,Nico Ruffey,Drama|Mystery|Sci-Fi|Thriller
"Cheerleaders, The",EHTH,Isobel Yurygyn,Comedy
Fawlty Towers (1975-1979),FFNW,Arte Moehler,Comedy
Humble Pie (American Fork),XTLY,Moss Snazle,Comedy|Drama
She's the Man,CTT           ,Inglis Raoul,Comedy|Romance
"Rich, Young and Pretty",VUZI,Eleanore Karlowicz,Comedy|Musical|Romance
"Aviator, The",MACQ,Ario Balk,Adventure
Mark of the Devil (Hexen bis aufs Blut gequält),NUE,Alphonse Dorning,Drama|Horror
Django 2: Django Strikes Again,OCFC,Amos Mussen,Western
"Chicago 8, The",VIIX,Ortensia Aguirrezabala,Drama
Princess and the Pony,ENLK,Richy Budding,Children|Drama
Battle Cry,VRS,Elihu Shotboulte,Drama|War
Jodhaa Akbar,MKTX,Olivier Cherryman,Drama|Musical|Romance|War
American Reunion (American Pie 4),ABM,Abbe Laurenz,Comedy
33 Postcards,MEET,Floris Di Pietro,Drama
Winnetou: The Last Shot,AREX,Nance Stack,Action|Adventure|Western
Miss Pettigrew Lives for a Day,VIDI,Giovanni Stump,Comedy|Romance
Shame (Skammen),MRTN,Chickie Sedwick,Drama|War
Funny Face,CCL,Salomi Jeness,Comedy|Musical
"Strawberry Blonde, The",MEDP,Connie Curnnok,Comedy|Romance
New Orleans Uncensored,LRCX,Liv Ancketill,Crime|Drama|Film-Noir|Thriller
"Dylan Moran: Like, Totally",ORIG,Lauri Syne,Comedy
Foxfire,IONS,Ardis Dakin,Drama
Boys on the Side,FTW,Flemming Cristea,Comedy|Drama
Crime of Passion,GJR,Aldous Dolligon,Crime|Drama|Film-Noir
Coco Before Chanel (Coco avant Chanel),NMK^C,Daria Acklands,Drama
Bereavement,CAL,Ivonne Heigho,Horror
Looking for Palladin,SGEN,Olvan Elner,Comedy
Limuzins Janu nakts krasa,TEL,Edwin Lewins,Comedy|Drama
Kwaidan (Kaidan),RARE,Jaime Scrinage,Horror
"Tale of Two Sisters, A (Janghwa, Hongryeon)",RUSHB,Vida Czajkowska,Drama|Horror|Mystery|Thriller
Party Girl,BPFHP,Maurise Slayford,Drama|Film-Noir
Operation Homecoming: Writing the Wartime Experience,WTS,Jackqueline Thomann,Documentary
Nevada Smith,IPWR,Livvy Saintsbury,Western
For Ever Mozart,T,Teressa Gres,Drama
Desert Bloom,XTLB,Duffy Eplett,Drama
Burning Secret,JCI,Kathye Salerg,Drama
"I Am Taraneh, I Am Fifteen Years Old (Man, taraneh, panzdah sal daram)",HQL,Dyan Kirby,Drama
"Murder of Fred Hampton, The",RNR^E,Ezri Feehery,Crime|Documentary
American Swing,CBSHP,Alex Dockerty,Documentary
Railroaded!,UBA,Dolores Persian,Film-Noir
"Forest for the Trees, The (Der Wald vor lauter Bäumen)",MPCT,Paolina Vallentine,Drama
"Hitch Hike (Autostop rosso sangue) (Naked Prey, The)",INN^B,Donica Dodwell,Adventure|Crime|Drama|Horror|Thriller
"Naked Jungle, The",QVCA,Madelaine Janeczek,Adventure|Drama
"Masseurs and a Woman, The (Anma to onna)",CVEO,Barbee Chartman,Drama
Paid,NWHM,Melamie Balaison,Crime|Drama|Film-Noir
Journey to the Sun (Günese yolculuk),AKAM,Winfield Windridge,Drama
Possible Loves (Amores Possíveis),DPG,Constance Heiton,Comedy|Romance
Daddy Day Camp,DG,Rene Laybourne,Children|Comedy
Carry On Teacher,AMH^E,Lesley Brandom,Comedy
Will Success Spoil Rock Hunter?,AXDX,Jim Clewlowe,Comedy|Romance
Art & Copy,KTOVW,Laural Himpson,Documentary
Killer Bean 2: The Party,GCH,Frederick Collison,Action|Animation|Comedy
Chronicle,RF^A,Roscoe Duer,Action|Sci-Fi|Thriller
High School,IHG,Hazel Coverley,Documentary
"Ape, The (Apan)",GS^D,Josie Winstone,Drama|Thriller
"Happiness Is a Warm Blanket, Charlie Brown",EMCB,Estrellita Shepley,Animation|Comedy
Where East Is East,GS,Wini McSparran,Drama
Polite People (Kurteist fólk),FCFS,Giffer Cauderlie,Comedy|Drama
Hand Gun,MESO,Biddie Brentnall,Action|Crime|Drama|Thriller
Taxi 4,SSRI,Knox Prover,Action|Comedy
"Woman in Red, The",NVCR,Dorree Tolomelli,Comedy|Romance
Do You Wanna Know a Secret?,NPO,Gustie Hallgate,Horror|Mystery|Thriller
March or Die,INN^B,Inger Bartolijn,Adventure|Drama|Romance|War
Virus X,JAG,Moses Ozintsev,Horror|Sci-Fi
Miraculum,MRT,Petr Kobel,Drama
Day Is Done,UZB,Brandie Sans,Documentary
"Shaggy Dog, The",ORG,Cly Girvan,Adventure|Children|Comedy|Fantasy
Fast Times at Ridgemont High,HBMD,Alessandra Albisser,Comedy|Drama|Romance
"Obama Deception: The Mask Comes Off, The",RA,Ardyth Tuckey,Documentary
"Show of Force, A",PSCU,Morry Seggie,Drama|Thriller
Bab'Aziz -The Prince Who Contemplated His Soul,UBS,Flemming McArdell,Drama
Love (Szerelem),TM,Bud Boome,Drama
Saw III,GEH,Deanna Hardwich,Crime|Horror|Thriller
At Land,BRT,Ozzie Tunuy,(no genres listed)
"Brotherhood, The",AMID,Sonnie Huyge,Crime|Drama
Nothing to Declare (Rien à déclarer),CONE,Hildy Woodfine,Comedy
"Time Machine, The",SHLX,Larissa Matchett,Action|Adventure|Sci-Fi
Penthouse North,OVBC,Clarisse Edie,Drama|Mystery|Thriller
Precision: The Measure of All Things,VIPS,Dugald Feldberger,Documentary
The Testimony,TJX,Meryl Szimoni,(no genres listed)
"Working Class Goes to Heaven, The (a.k.a. Lulu the Tool) (La classe operaia va in paradiso)",NDRM,Tobye Organ,Drama
The Disembodied,NSL,Verla Franciottoi,Horror
Once Upon a Forest,EGRX,Frederica Stuckford,Adventure|Animation|Children|Fantasy
Wizards,HCAP,Simone Hughf,Animation|Fantasy|Sci-Fi|War
"Mask of Dimitrios, The",LPL,Colin Lenormand,Crime|Drama|Film-Noir|Mystery
"Secret Adventures of Gustave Klopp, The (Narco)",WING,Ann Ygo,Action|Comedy|Fantasy
Love and Sex under Nazi Occupation (Amour et sexe sous l'occupation) ,TNP^E,Wells Wadley,Documentary
"Cadaver Christmas, A",OMED,Salvidor Dorsey,Comedy|Horror
Brother 2 (Brat 2),DSPG,Marin Mallender,Crime|Drama
Revolution,LVNTB,Emmalynn Drummer,Adventure|Drama|War
David Holzman's Diary,IP,Catha Weatherburn,Documentary|Drama
"Extremely Goofy Movie, An",UBSI,Raychel Castiblanco,Animation|Children|Comedy
Julie Johnson,W,Manya Pattinson,Drama
"Riddle of the Sands, The",DECK,Gilli Claremont,Adventure|Drama|Thriller
"Killer Inside Me, The",HCHC,Elga Rolley,Crime|Drama|Thriller|Western
Every Night Dreams (Each Night I Dream) (Yogoto no yume),AGRX,Camila Golden of Ireland,Drama
Search and Destroy,FMCIR,Latia Ennor,Comedy|Drama
Girl Walk: All Day,HIW,Hiram Laborde,Musical
Dirty Mary Crazy Larry,GAINN,Faunie Haydney,Action|Crime|Drama|Romance
Teenage Mutant Ninja Turtles,PZRX,Slade Debling,Action|Children|Comedy|Fantasy|Sci-Fi
Summer School,JMPB,Jamill Emmet,Comedy
Battle of the Year,CFCOU,Giff Venus,Musical
